B_wxa,B_wxb,B_wxh,B_povxnopov,B_singparentxtwoparent,B_edlowxedother
0.027581229,0.059833436,0.064479846,0.711319286,0.166948061,0.789198094